feature,coefficient
dropout_rate,-10.585718873720314
still_enr_rate,-10.282014297710028
non_diploma_credential_rate,-3.1662093894972716
ged_rate,-2.373018199506649
