feature,coefficient
dropout_rate,-10.621159406974522
still_enr_rate,-10.407755546011332
non_diploma_credential_rate,-3.1296073491037157
ged_rate,-2.425615751317827
