Method,Test RMSE
Ridge,1.0892138326956824
Lasso,0.8187004686919691
