Method,Test RMSE
Linear,1.3325469595417085e-11
Lasso,0.7627835756575649
Ridge,1.1145481076285977
