Method,Test Misclassification Error
Classification,0.8929131389150203
Deepest,0.8081530260269677
Random Forest,0.8310755722797115
